DENVER GARAGE ORGANIZATION — MARKET PRICING RESEARCH,,,,,,,
"Sources: HomeAdvisor, Fixr, Thumbtack, Angi, BobVila, HomeGuide, Denver-specific contractor listings. Data current as of Feb 2025.",,,,,,,
NATIONAL GARAGE ORGANIZATION PRICING,,,,,,,
Service Scope,Low,Average,High,,Source,,
Professional Organizer (hourly),$50/hr,$75/hr,$150/hr,,Thumbtack / Clutterless,,
Basic Garage Clean-Out + Sort,$150,$500,"$1,000",,HomeAdvisor,,
Garage Organization (labor + basic materials),$505,"$1,325","$2,175",,HomeAdvisor,,
Garage Org incl. Shelving + Bins,$683,"$1,336","$2,436",,HomeGuide,,
Garage Storage System (installed),"$2,500","$3,500","$5,000",,Fixr,,
Full Garage Organization Company,$500,"$2,750","$5,000",,BobVila,,
Custom Cabinet Install (per cabinet),$100,$500,"$2,500",,Angi,,
Full Garage Remodel (cabinets + flooring),"$7,000","$11,000","$15,000",,Fixr,,
Simple Remodel (paint + floor + cabinets),"$3,000","$3,500","$5,000",,Multiple,,
YOUR GARAGE ORG TIERS vs MARKET,,,,,,,
Your Service,Your Price,Market Low,Market Avg,Market High,Position,Verdict,
Undergrad (basic sort + 1 shelf + haul),"$1,097",$505,"$1,325","$2,175",Below Average,✅ COMPETITIVE,
Graduate (full org + bins + deep clean),"$2,197","$1,325","$2,750","$5,000",Below Average,✅ COMPETITIVE,
Doctorate (white-glove + cabinets + 2 hauls),"$3,797","$2,750","$3,500","$5,200",At Average,✅ COMPETITIVE,
"Key insight: Your Undergrad at $1,097 undercuts the national avg ($1,325) while including haul-away that most organizers charge extra for.",,,,,,,
"Graduate at $2,197 includes bins, deep clean, AND powerwash — most competitors charge $2,750+ for comparable scope.",,,,,,,
"Doctorate at $3,797 is well within the $2,750-$5,200 range for full-service garage org with premium storage.",,,,,,,
DENVER COMPETITORS — GARAGE ORGANIZATION,,,,,,,
Company,Services,Price Range,Notes,,,,
Garage Guru Denver,"Custom cabinets, shelving, slatwall, floor coatings","$3,000 - $15,000+","High-end focus, 13+ yrs, free 3D CAD, lifetime warranty",,,,
Colorado Garage & Closets,"Custom cabinet builds, epoxy, tile, slatwall","$3,000 - $12,000+","Full design service, half-day installs possible",,,,
Custom Garage Solutions,"Cabinets, flooring, doors, full remodels, gym builds","$5,000 - $25,000+","Premium tier, full renovation, gym/bar installs",,,,
Thumbtack Denver Organizers,"Declutter, sort, basic shelving install","$500 - $2,500","Mostly independent organizers, hourly rates",,,,
HomeAdvisor Denver Pros,"Shelving, cabinets, organization","$1,000 - $5,000","Variety of contractors, background-checked",,,,
"YOUR POSITIONING: You sit between the budget Thumbtack organizers ($500-$2,500) and the premium installed cabinet companies ($5,000-$15,000+).",,,,,,,
"This is the sweet spot — you provide MORE than a basic organizer (haul-away, bins, deep clean) but cost LESS than full custom cabinet builds.",,,,,,,
