DENVER HOME GYM INSTALLATION — MARKET PRICING RESEARCH,,,,,,,
"Sources: HomeAdvisor, Thumbtack Denver, Sport & Fitness Inc, Colorado Cardio, Fitness Machine Technicians.",,,,,,,
HOME GYM BUILD COSTS — NATIONAL DATA,,,,,,,
Scope,Low,Average,High,,Source,,
Equipment Assembly Only (per piece),$75,$125,$330,,Thumbtack Denver,,
Equipment Assembly (hourly),$38/hr,$75/hr,$135/hr,,Thumbtack Denver,,
"Home Gym Build (equipment only, no remodel)","$2,150","$7,750","$13,750",,HomeAdvisor,,
Home Gym Build (w/ remodel),"$7,000","$15,000","$25,000+",,HomeAdvisor,,
Pro Install Labor (hourly),$50/hr,$100/hr,$150/hr,,HomeAdvisor,,
"Gym Flooring (rubber, per sq ft)",$4,$8,$12,,This Old House,,
"Gym Conversion (full, from garage)","$6,000","$30,000","$45,000",,This Old House,,
YOUR GYM INSTALL TIERS vs MARKET,,,,,,,
Your Service,Your Price,Market Equiv Low,Market Equiv Avg,Market Equiv High,Position,Verdict,
Warm Up (2 pcs assembled),$997,$150,$250,$660,Above Market,⚠ PREMIUM — but includes crew + placement,
Super Set (3 pcs + placement),"$1,997",$225,$375,$990,Above Market,"⚠ PREMIUM — full crew, design placement",
1 Rep Max (5 pcs + floor + platform),"$4,797","$7,000","$15,000","$25,000+",Well Below,✅ STRONG VALUE — includes flooring + build,
"IMPORTANT CONTEXT: Pure ""equipment assembly"" on Thumbtack runs $75-$330 per piece. Your Warm Up & Super Set are priced above assembly-only.",,,,,,,
"BUT — you're not just assembling. You're bringing a crew, doing placement design, and handling everything. Assembly guys show up with a wrench.",,,,,,,
"The 1 Rep Max at $4,797 is a STEAL vs full home gym builds ($7K-$25K) because you include flooring, platform, wall storage, AND 5-piece assembly.",,,,,,,
Denver competitors like Custom Garage Solutions charge $5K-$25K+ for gym builds. Sport & Fitness Inc does commercial installs at premium rates.,,,,,,,
