FINAL MARKET VERDICT — ALL SERVICES,,,,,,,
Summary of where every Garage Scholars service sits relative to the Denver/national market.,,,,,,,
Service,Your Price,Market Range,Position,Market Verdict,Risk Level,Notes,
Undergrad,"$1,097","$505 - $2,175",Mid-Low,✅ COMPETITIVE,LOW,Below avg with haul included,
Graduate,"$2,197","$1,325 - $5,000",Mid-Low,✅ COMPETITIVE,LOW,Strong value with bins + clean,
Doctorate,"$3,797","$2,750 - $5,200",Mid,✅ COMPETITIVE,LOW,Right at market for premium,
Warm Up,$997,$150 - $660 (assembly only),Above,⚠ PREMIUM,MODERATE,Justify with crew + placement,
Super Set,"$1,997",$225 - $990 (assembly only),Above,⚠ PREMIUM,MODERATE,Full service vs wrench guy,
1 Rep Max,"$4,797","$7,000 - $25,000 (gym build)",Well Below,✅ STRONG VALUE,LOW,Massive undercut vs gym builds,
Dean's List,"$6,497","$5,000 - $10,000+ (separate)",Mid,✅ COMPETITIVE,LOW,Clients save vs hiring 3 vendors,
Valedictorian,"$7,997","$6,000 - $15,000+ (separate)",Below Mid,✅ STRONG VALUE,LOW,Way below full remodel shops,
Extra Haul-Away,$300,$145 - $625,At Avg,✅ COMPETITIVE,LOW,Right at Denver market avg,
Click-In Floor 1-Car,"$1,497","$800 - $2,400",Mid,✅ COMPETITIVE,LOW,$7.49/sf vs $4-$12 market,
Click-In Floor 2-Car,"$2,897","$1,600 - $4,800",Mid,✅ COMPETITIVE,LOW,$7.24/sf installed,
Heavy Duty Surcharge,$350,No direct comp,—,✅ REASONABLE,LOW,Extra time = fair charge,
EXECUTIVE SUMMARY,,,,,,,
OVERALL VERDICT: Your pricing is WITHIN MARKET across all service lines. No service is priced above market ceiling.,,,,,,,
"GARAGE ORG (Undergrad / Graduate / Doctorate): All three sit in the LOW-to-MID range of market pricing. Strong value props with bundled haul-away, bins, and deep clean that most competitors charge extra for.",,,,,,,
"GYM INSTALL (Warm Up / Super Set): These two are ABOVE pure assembly pricing ($75-$330/piece on Thumbtack). However, you're offering a full-crew white-glove service, not a solo handyman with a wrench. Position these as ""gym setup service"" not ""equipment assembly"" in marketing.",,,,,,,
"1 REP MAX: BEST VALUE PLAY in your lineup. At $4,797 with flooring + platform + wall storage + 5-piece assembly, you massively undercut the $7K-$25K range for home gym builds. This is your strongest selling point.",,,,,,,
"COMBO PACKAGES: Both Dean's List ($6,497) and Valedictorian ($7,997) price well below what clients would pay hiring separate contractors for equivalent work ($5K-$15K+). The one-vendor convenience is a major differentiator.",,,,,,,
"DENVER MARKET GAP: You fill a space between budget Thumbtack organizers ($500-$2,500) and premium garage renovation companies ($10K-$25K+). Nobody else in Denver bundles garage org + gym install + haul-away + flooring as a single service.",,,,,,,
RISK AREAS: Warm Up and Super Set are the only services where price sensitivity could be an issue. Consider lead-magnet pricing or bundling them with higher-margin garage org tiers to reduce standalone sticker shock.,,,,,,,
